rank,transformed_feature,mean_abs_shap,mean_signed_shap,transformer,source_feature
1,categorical__discharge_disposition_id_1,0.2181297561622148,-0.027160851093196648,categorical,discharge_disposition_id
2,numeric__number_inpatient,0.12349717192410026,-0.019167113856472098,numeric,number_inpatient
3,numeric__time_in_hospital,0.06687380475185699,-0.001694642156826064,numeric,time_in_hospital
4,categorical__payer_code_Missing,0.043569739993139726,-0.003989661631172433,categorical,payer_code
5,diagnosis__diag_1_Circulatory,0.04111064149409264,-0.0017461624511824771,diagnosis,diag_1
6,categorical__discharge_disposition_id_22,0.038218742164312196,-0.011897828102208711,categorical,discharge_disposition_id
7,categorical__age_[50-60),0.037650071176514296,-0.0016171531521986641,categorical,age
8,numeric__number_diagnoses,0.030721105178457372,-0.0013191843573139295,numeric,number_diagnoses
9,categorical__discharge_disposition_id_3,0.0295859924418193,-0.005832167100135582,categorical,discharge_disposition_id
10,categorical__diabetesMed_No,0.027777393324808556,-0.001236547720768668,categorical,diabetesMed
11,numeric__num_lab_procedures,0.024690223198900837,-0.0025050581770462333,numeric,num_lab_procedures
12,numeric__number_emergency,0.023142556578039413,-0.001954275436058352,numeric,number_emergency
13,numeric__num_medications,0.022333413406077605,-0.0025639821385110184,numeric,num_medications
14,categorical__discharge_disposition_id_6,0.016762704733793564,0.0032777317359840995,categorical,discharge_disposition_id
15,categorical__discharge_disposition_id_5,0.015349328787656637,-0.00445932910845774,categorical,discharge_disposition_id
16,diagnosis__diag_2_Neoplasms,0.013277591864577028,-0.00028043392328860005,diagnosis,diag_2
17,categorical__diabetesMed_Yes,0.01127288879707998,-0.000497791096158724,categorical,diabetesMed
18,diagnosis__diag_1_Musculoskeletal,0.008596831685469913,-0.00035919864975345793,diagnosis,diag_1
19,categorical__insulin_No,0.00849777132034529,-0.00041775722758200705,categorical,insulin
20,categorical__admission_type_id_1,0.00742174471669582,-0.0012301474908608572,categorical,admission_type_id
21,numeric__number_outpatient,0.007018713314602248,1.209804970280524e-05,numeric,number_outpatient
22,categorical__admission_source_id_7,0.006809360553238507,0.0002695587969884905,categorical,admission_source_id
23,categorical__discharge_disposition_id_2,0.006340772677951114,-0.0009388113278883494,categorical,discharge_disposition_id
24,categorical__insulin_Down,0.005996897297558373,-0.0004091154296142255,categorical,insulin
25,specialty__medical_specialty_Orthopedics-Reconstructive,0.005928698954447186,-0.0007982545561921691,specialty,medical_specialty
26,diagnosis__diag_1_Diabetes,0.005833507927940356,-0.00017000922222972048,diagnosis,diag_1
27,specialty__medical_specialty_Cardiology,0.005331482512729497,-0.0008385599612665828,specialty,medical_specialty
28,categorical__discharge_disposition_id_25,0.005124804779875265,9.734117985849812e-05,categorical,discharge_disposition_id
29,diagnosis__diag_3_Neoplasms,0.005118670568003281,-0.0003067323051066235,diagnosis,diag_3
30,categorical__discharge_disposition_id_23,0.005105071939485752,-0.00017563099191181942,categorical,discharge_disposition_id
31,diagnosis__diag_2_Other,0.00483736059478723,-0.00042225963911001493,diagnosis,diag_2
32,diagnosis__diag_1_Respiratory,0.004541577161396256,-0.0005031219432008285,diagnosis,diag_1
33,categorical__age_[80-90),0.004475601538429811,0.0005716397270273263,categorical,age
34,diagnosis__diag_1_Genitourinary,0.0044272525943585645,0.0001334165035103405,diagnosis,diag_1
35,categorical__admission_source_id_4,0.004101329568023524,3.240529230128032e-05,categorical,admission_source_id
36,diagnosis__diag_2_Diabetes,0.00395143025349097,9.743063398371104e-05,diagnosis,diag_2
37,categorical__metformin_No,0.003903290325945762,-0.0002840360924913043,categorical,metformin
38,categorical__metformin_Steady,0.003888373226924553,-5.832784204593869e-05,categorical,metformin
39,specialty__medical_specialty_Emergency/Trauma,0.0038273555339045045,-0.00039442030268610213,specialty,medical_specialty
40,lab__A1Cresult_NotMeasured,0.003728894406917539,-0.00029005305241395677,lab,A1Cresult
41,diagnosis__diag_3_Respiratory,0.0036160451339254085,5.579967759847869e-05,diagnosis,diag_3
42,categorical__payer_code_MC,0.0035222953914390794,0.0005334950448412856,categorical,payer_code
43,categorical__gender_Female,0.0032672196567999586,-1.695977371774231e-05,categorical,gender
44,categorical__race_Caucasian,0.0031594588576369423,-0.0002834585758523055,categorical,race
45,categorical__admission_type_id_6,0.0031237162483493436,0.00029556245529908286,categorical,admission_type_id
46,diagnosis__diag_2_Respiratory,0.0027959445657188553,6.501037887435415e-05,diagnosis,diag_2
47,lab__A1Cresult_>8,0.0026213450080083906,-6.560084814133122e-05,lab,A1Cresult
48,categorical__age_[70-80),0.0025966139594372733,-2.656118605259286e-05,categorical,age
49,categorical__discharge_disposition_id_18,0.0025760789226694494,0.002419760928116514,categorical,discharge_disposition_id
50,diagnosis__diag_1_Other,0.002486270272878521,-0.0005439434064252545,diagnosis,diag_1
51,categorical__payer_code_CP,0.0024631941589472895,-0.00021929702873743425,categorical,payer_code
52,categorical__admission_type_id_2,0.002401420093602338,-1.4228904050713294e-05,categorical,admission_type_id
53,categorical__glipizide_No,0.0024008243468576977,-0.00018109614853790946,categorical,glipizide
54,numeric__num_procedures,0.0023246262994391378,-0.0005886731104694766,numeric,num_procedures
55,categorical__admission_source_id_1,0.0021067431770190855,0.000896289438019121,categorical,admission_source_id
56,specialty__medical_specialty_ObstetricsandGynecology,0.001983770346574912,-0.0004972922407313401,specialty,medical_specialty
57,specialty__medical_specialty_Missing,0.0019303635924494418,4.633675260439934e-05,specialty,medical_specialty
58,diagnosis__diag_3_Other,0.001917947043494212,-4.980352113994829e-05,diagnosis,diag_3
59,categorical__age_[40-50),0.0019002033180155963,5.4248453981127044e-05,categorical,age
60,categorical__discharge_disposition_id_28,0.0018337974104325418,-0.0004913844685932683,categorical,discharge_disposition_id
61,diagnosis__diag_3_Diabetes,0.001815021561443972,0.00012868425037442936,diagnosis,diag_3
62,categorical__repaglinide_No,0.0018148487709218322,-0.00027456833354945714,categorical,repaglinide
63,categorical__payer_code_MD,0.0017970539377850999,2.25318747308803e-05,categorical,payer_code
64,specialty__medical_specialty_InternalMedicine,0.0017326990280588427,4.398343703228517e-05,specialty,medical_specialty
65,categorical__age_[90-100),0.0017082152124857667,0.0002834576938622798,categorical,age
66,categorical__admission_type_id_3,0.0014892444641175161,-9.524352827422884e-05,categorical,admission_type_id
67,specialty__medical_specialty_Hematology/Oncology,0.0013396121302800966,-8.458976840551614e-05,specialty,medical_specialty
68,categorical__discharge_disposition_id_15,0.0012042021901961784,-0.0002517785661832865,categorical,discharge_disposition_id
69,diagnosis__diag_2_Circulatory,0.00119372873283901,0.0002256833348599117,diagnosis,diag_2
70,diagnosis__diag_3_Circulatory,0.0011521689339116115,7.021677492541751e-06,diagnosis,diag_3
71,categorical__payer_code_HM,0.0011120311298097778,-0.0003648993351472025,categorical,payer_code
72,categorical__payer_code_SP,0.0010112477711473043,-0.000186642685326749,categorical,payer_code
73,specialty__medical_specialty_Psychiatry,0.0009028267941453012,-9.83715359524933e-06,specialty,medical_specialty
74,diagnosis__diag_2_Genitourinary,0.0008987681714266151,-4.875554753325781e-05,diagnosis,diag_2
75,specialty__medical_specialty_Surgery-Cardiovascular/Thoracic,0.0008878562669759426,-0.00017064262377868722,specialty,medical_specialty
76,categorical__admission_type_id_5,0.000831319085878001,0.0002920373908277371,categorical,admission_type_id
77,categorical__rosiglitazone_Steady,0.0008155829158576259,-6.479156193996105e-05,categorical,rosiglitazone
78,specialty__medical_specialty_Nephrology,0.0008012821606496068,-0.00010197256147548837,specialty,medical_specialty
79,categorical__insulin_Up,0.0007956160243588012,6.627441699371088e-06,categorical,insulin
80,diagnosis__diag_2_Digestive,0.0007670632191164027,-1.6546930476263185e-05,diagnosis,diag_2
81,diagnosis__diag_1_Injury,0.0007474003846566152,-0.00017250845956972855,diagnosis,diag_1
82,categorical__change_Ch,0.000743140476397022,-0.00019222942177807086,categorical,change
83,categorical__pioglitazone_No,0.0007334009664062808,-9.323091551541521e-05,categorical,pioglitazone
84,specialty__medical_specialty_Oncology,0.0007173631620604538,3.611784701128849e-07,specialty,medical_specialty
85,specialty__medical_specialty_Surgery-General,0.0006947261976159918,-0.00010310252619036896,specialty,medical_specialty
86,categorical__admission_source_id_5,0.0006855742044015963,0.0003170727886317597,categorical,admission_source_id
87,categorical__gender_Male,0.0006599515226215003,-5.354371084612322e-07,categorical,gender
88,categorical__payer_code_BC,0.0006546019270225643,-8.694844480971208e-05,categorical,payer_code
89,diagnosis__diag_1_Digestive,0.000651750018290239,8.43244527177875e-06,diagnosis,diag_1
90,specialty__medical_specialty_Family/GeneralPractice,0.0006310232154703153,-1.567119989219253e-05,specialty,medical_specialty
91,categorical__age_[60-70),0.0005551183362117692,-4.1978092996027646e-06,categorical,age
92,diagnosis__diag_1_Neoplasms,0.0005294600446770486,-2.8456949440771812e-06,diagnosis,diag_1
93,categorical__glimepiride_No,0.000527451725246681,-3.8243925977545454e-05,categorical,glimepiride
94,categorical__change_No,0.0005263785982704787,-8.513353726487633e-05,categorical,change
95,lab__max_glu_serum_>200,0.0005027043564672895,4.0383878512199506e-05,lab,max_glu_serum
96,categorical__repaglinide_Up,0.00048290980854988715,-0.00010857346419526016,categorical,repaglinide
97,categorical__race_AfricanAmerican,0.00048183335103029894,-2.820742499478829e-05,categorical,race
98,categorical__glyburide_No,0.0004720387943212414,2.0102152948626825e-05,categorical,glyburide
99,diagnosis__diag_3_Digestive,0.0004628686392142599,3.668595594046742e-05,diagnosis,diag_3
100,categorical__metformin_Up,0.00045983899251801055,-1.6931951266797556e-05,categorical,metformin
101,categorical__repaglinide_Steady,0.00045653592081446444,-2.8338661583647324e-05,categorical,repaglinide
102,categorical__metformin_Down,0.00042789268490481865,-0.00019450798133772613,categorical,metformin
103,categorical__admission_source_id_3,0.0004273258504757983,-0.00013450791996799525,categorical,admission_source_id
104,categorical__insulin_Steady,0.00042267875391271563,-2.357518574561056e-05,categorical,insulin
105,categorical__age_[30-40),0.0003035812272425973,-3.910038613068492e-05,categorical,age
106,diagnosis__diag_2_Injury,0.00029235283809556697,-3.167009187131398e-05,diagnosis,diag_2
107,lab__A1Cresult_Norm,0.00026550826021260317,5.064666761061692e-05,lab,A1Cresult
108,specialty__medical_specialty_Orthopedics,0.00025230462148597647,-4.615844824012869e-05,specialty,medical_specialty
109,categorical__glipizide_Down,0.00024513283334631357,-9.006734729913516e-05,categorical,glipizide
110,categorical__discharge_disposition_id_7,0.0002428937894029767,1.2852341701552743e-05,categorical,discharge_disposition_id
111,categorical__glipizide_Steady,0.0002395105766833525,-1.2948206564614082e-05,categorical,glipizide
112,specialty__medical_specialty_Pediatrics-Endocrinology,0.0002358790750211084,-5.9404487459931526e-05,specialty,medical_specialty
113,categorical__pioglitazone_Steady,0.0002325854400526196,-2.358854338316488e-05,categorical,pioglitazone
114,diagnosis__diag_3_Injury,0.00023205390178859266,-2.5789575267007112e-05,diagnosis,diag_3
115,diagnosis__diag_3_Genitourinary,0.0002316586117179545,3.0939979601918026e-05,diagnosis,diag_3
116,categorical__race_Other,0.00022472887110117282,-7.341620973681152e-06,categorical,race
117,lab__max_glu_serum_NotMeasured,0.00021764402307220869,-2.6513015060151326e-05,lab,max_glu_serum
118,lab__A1Cresult_>7,0.00021011840966912688,7.934007148916374e-06,lab,A1Cresult
119,categorical__admission_source_id_17,0.00020891040915470047,6.612860236112573e-05,categorical,admission_source_id
120,categorical__race_Hispanic,0.0001951880393411759,-1.1621011577294278e-05,categorical,race
121,categorical__glyburide_Steady,0.00019054722324453828,-2.8122898345260312e-05,categorical,glyburide
122,categorical__rosiglitazone_No,0.00017153358972088202,-7.512924236551282e-06,categorical,rosiglitazone
123,categorical__payer_code_OG,0.00012417715054927804,-5.775569366233027e-05,categorical,payer_code
124,categorical__glyburide_Up,0.00011885976273704523,-2.180507512375892e-05,categorical,glyburide
125,categorical__payer_code_UN,7.698917310895963e-05,1.0564863397000405e-05,categorical,payer_code
126,categorical__glimepiride_Steady,7.33127140721769e-05,8.355929569083495e-07,categorical,glimepiride
127,diagnosis__diag_2_Musculoskeletal,6.939765043382148e-05,-7.592446749353668e-07,diagnosis,diag_2
128,categorical__admission_source_id_20,5.538349710437898e-05,-2.159975092314703e-05,categorical,admission_source_id
129,specialty__medical_specialty_Surgery-Vascular,5.529144279674439e-05,-5.68947647464001e-06,specialty,medical_specialty
130,specialty__medical_specialty_PhysicalMedicineandRehabilitation,3.864162986466906e-05,-2.69372435910463e-06,specialty,medical_specialty
131,categorical__age_[20-30),3.414659937726375e-05,-1.430792780237489e-05,categorical,age
132,specialty__medical_specialty_Gastroenterology,3.0819978713429085e-05,1.2266233815555607e-06,specialty,medical_specialty
133,categorical__payer_code_CM,2.665857007556318e-05,2.7572873549253356e-06,categorical,payer_code
134,specialty__medical_specialty_Radiologist,2.6293191016803727e-05,4.5054801880223126e-06,specialty,medical_specialty
135,categorical__nateglinide_No,2.3953932509903306e-05,-6.510510044183262e-06,categorical,nateglinide
136,specialty__medical_specialty_Pulmonology,2.2358426359377442e-05,-1.24135893629403e-07,specialty,medical_specialty
137,lab__max_glu_serum_>300,1.60515682152208e-05,-7.715534749027182e-06,lab,max_glu_serum
138,specialty__medical_specialty_Surgery-Neuro,1.1687350811584452e-05,6.16058461683899e-06,specialty,medical_specialty
139,categorical__admission_type_id_8,1.1072276936803617e-05,-3.7775431372440534e-06,categorical,admission_type_id
140,lab__max_glu_serum_Norm,1.0986836282555493e-05,-2.060856069861546e-07,lab,max_glu_serum
141,categorical__age_[10-20),9.194893048974511e-06,-4.674264270126012e-06,categorical,age
142,categorical__admission_source_id_6,6.123883515104051e-06,4.146610923809096e-06,categorical,admission_source_id
143,diagnosis__diag_1_Missing,0.0,0.0,diagnosis,diag_1
144,diagnosis__diag_2_Missing,0.0,0.0,diagnosis,diag_2
145,diagnosis__diag_3_Musculoskeletal,0.0,0.0,diagnosis,diag_3
146,diagnosis__diag_3_Missing,0.0,0.0,diagnosis,diag_3
147,categorical__race_Asian,0.0,0.0,categorical,race
148,categorical__race_Missing,0.0,0.0,categorical,race
149,categorical__gender_Unknown/Invalid,0.0,0.0,categorical,gender
150,categorical__age_[0-10),0.0,0.0,categorical,age
151,categorical__admission_type_id_4,0.0,0.0,categorical,admission_type_id
152,categorical__admission_type_id_7,0.0,0.0,categorical,admission_type_id
153,categorical__discharge_disposition_id_10,0.0,0.0,categorical,discharge_disposition_id
154,categorical__discharge_disposition_id_12,0.0,0.0,categorical,discharge_disposition_id
155,categorical__discharge_disposition_id_16,0.0,0.0,categorical,discharge_disposition_id
156,categorical__discharge_disposition_id_17,0.0,0.0,categorical,discharge_disposition_id
157,categorical__discharge_disposition_id_24,0.0,0.0,categorical,discharge_disposition_id
158,categorical__discharge_disposition_id_27,0.0,0.0,categorical,discharge_disposition_id
159,categorical__discharge_disposition_id_4,0.0,0.0,categorical,discharge_disposition_id
160,categorical__discharge_disposition_id_8,0.0,0.0,categorical,discharge_disposition_id
161,categorical__discharge_disposition_id_9,0.0,0.0,categorical,discharge_disposition_id
162,categorical__admission_source_id_10,0.0,0.0,categorical,admission_source_id
163,categorical__admission_source_id_11,0.0,0.0,categorical,admission_source_id
164,categorical__admission_source_id_13,0.0,0.0,categorical,admission_source_id
165,categorical__admission_source_id_14,0.0,0.0,categorical,admission_source_id
166,categorical__admission_source_id_2,0.0,0.0,categorical,admission_source_id
167,categorical__admission_source_id_22,0.0,0.0,categorical,admission_source_id
168,categorical__admission_source_id_25,0.0,0.0,categorical,admission_source_id
169,categorical__admission_source_id_8,0.0,0.0,categorical,admission_source_id
170,categorical__admission_source_id_9,0.0,0.0,categorical,admission_source_id
171,categorical__payer_code_CH,0.0,0.0,categorical,payer_code
172,categorical__payer_code_DM,0.0,0.0,categorical,payer_code
173,categorical__payer_code_FR,0.0,0.0,categorical,payer_code
174,categorical__payer_code_MP,0.0,0.0,categorical,payer_code
175,categorical__payer_code_OT,0.0,0.0,categorical,payer_code
176,categorical__payer_code_PO,0.0,0.0,categorical,payer_code
177,categorical__payer_code_SI,0.0,0.0,categorical,payer_code
178,categorical__payer_code_WC,0.0,0.0,categorical,payer_code
179,categorical__repaglinide_Down,0.0,0.0,categorical,repaglinide
180,categorical__nateglinide_Down,0.0,0.0,categorical,nateglinide
181,categorical__nateglinide_Steady,0.0,0.0,categorical,nateglinide
182,categorical__nateglinide_Up,0.0,0.0,categorical,nateglinide
183,categorical__chlorpropamide_Down,0.0,0.0,categorical,chlorpropamide
184,categorical__chlorpropamide_No,0.0,0.0,categorical,chlorpropamide
185,categorical__chlorpropamide_Steady,0.0,0.0,categorical,chlorpropamide
186,categorical__chlorpropamide_Up,0.0,0.0,categorical,chlorpropamide
187,categorical__glimepiride_Down,0.0,0.0,categorical,glimepiride
188,categorical__glimepiride_Up,0.0,0.0,categorical,glimepiride
189,categorical__acetohexamide_No,0.0,0.0,categorical,acetohexamide
190,categorical__acetohexamide_Steady,0.0,0.0,categorical,acetohexamide
191,categorical__glipizide_Up,0.0,0.0,categorical,glipizide
192,categorical__glyburide_Down,0.0,0.0,categorical,glyburide
193,categorical__tolbutamide_No,0.0,0.0,categorical,tolbutamide
194,categorical__tolbutamide_Steady,0.0,0.0,categorical,tolbutamide
195,categorical__pioglitazone_Down,0.0,0.0,categorical,pioglitazone
196,categorical__pioglitazone_Up,0.0,0.0,categorical,pioglitazone
197,categorical__rosiglitazone_Down,0.0,0.0,categorical,rosiglitazone
198,categorical__rosiglitazone_Up,0.0,0.0,categorical,rosiglitazone
199,categorical__acarbose_No,0.0,0.0,categorical,acarbose
200,categorical__acarbose_Steady,0.0,0.0,categorical,acarbose
201,categorical__acarbose_Up,0.0,0.0,categorical,acarbose
202,categorical__miglitol_No,0.0,0.0,categorical,miglitol
203,categorical__miglitol_Steady,0.0,0.0,categorical,miglitol
204,categorical__miglitol_Up,0.0,0.0,categorical,miglitol
205,categorical__troglitazone_No,0.0,0.0,categorical,troglitazone
206,categorical__troglitazone_Steady,0.0,0.0,categorical,troglitazone
207,categorical__tolazamide_No,0.0,0.0,categorical,tolazamide
208,categorical__tolazamide_Steady,0.0,0.0,categorical,tolazamide
209,categorical__glyburide-metformin_Down,0.0,0.0,categorical,glyburide-metformin
210,categorical__glyburide-metformin_No,0.0,0.0,categorical,glyburide-metformin
211,categorical__glyburide-metformin_Steady,0.0,0.0,categorical,glyburide-metformin
212,categorical__glyburide-metformin_Up,0.0,0.0,categorical,glyburide-metformin
213,categorical__glipizide-metformin_No,0.0,0.0,categorical,glipizide-metformin
214,categorical__glipizide-metformin_Steady,0.0,0.0,categorical,glipizide-metformin
215,categorical__metformin-rosiglitazone_No,0.0,0.0,categorical,metformin-rosiglitazone
216,categorical__metformin-rosiglitazone_Steady,0.0,0.0,categorical,metformin-rosiglitazone
217,specialty__medical_specialty_Endocrinology,0.0,0.0,specialty,medical_specialty
218,specialty__medical_specialty_Neurology,0.0,0.0,specialty,medical_specialty
219,specialty__medical_specialty_Otolaryngology,0.0,0.0,specialty,medical_specialty
220,specialty__medical_specialty_Pediatrics,0.0,0.0,specialty,medical_specialty
221,specialty__medical_specialty_Pediatrics-CriticalCare,0.0,0.0,specialty,medical_specialty
222,specialty__medical_specialty_Surgery-Cardiovascular,0.0,0.0,specialty,medical_specialty
223,specialty__medical_specialty_Surgery-Thoracic,0.0,0.0,specialty,medical_specialty
224,specialty__medical_specialty_Urology,0.0,0.0,specialty,medical_specialty
225,specialty__medical_specialty_infrequent_sklearn,0.0,0.0,specialty,medical_specialty
