rank_test_average_precision,mean_test_average_precision,std_test_average_precision,mean_train_average_precision,std_train_average_precision,mean_test_roc_auc,std_test_roc_auc,mean_train_roc_auc,std_train_roc_auc,mean_fit_time,std_fit_time,mean_score_time,param_model__n_estimators,param_model__learning_rate,param_model__max_depth,param_model__min_child_weight,param_model__subsample,param_model__colsample_bytree,param_model__reg_alpha,param_model__reg_lambda,param_model__scale_pos_weight,average_precision_gap,roc_auc_gap
1,0.18553484021113165,0.004978955021722822,0.33955855127380524,0.009857925995764008,0.6536202309423671,0.00410508419165288,0.7614442167958102,0.005456393274213105,10.692780494689941,0.049826978118957456,1.6491630872090657,400,0.03,5,1.0,1.0,0.7,0.1,2.0,1.5,0.1540237110626736,0.1078239858534431
2,0.18257560346984972,0.00637701774871838,0.3078363378598156,0.005241842037698904,0.6531993161278754,0.0053799953962055235,0.7463620498853878,0.004032997863288464,6.861451148986816,1.7644180967564065,0.7866387367248535,400,0.05,4,1.0,1.0,0.85,0.0,2.0,1.5,0.1252607343899659,0.09316273375751238
3,0.1818374421811121,0.003454709590082299,0.3968502215665059,0.017370396119591947,0.6515697909955281,0.004112539942576235,0.8045123797096022,0.00835519859326537,12.181383848190308,0.30602442486307546,1.8342621326446533,400,0.03,6,3.0,1.0,0.85,0.0,2.0,2.0,0.2150127793853938,0.15294258871407407
4,0.18095412010327314,0.005137024323244591,0.36841970709375665,0.006005727395275668,0.6527452897660792,0.0029488198676698896,0.8035986724304772,0.004127724662702662,9.158194700876871,2.6114670805965488,1.7268710136413574,400,0.03,5,3.0,0.85,0.85,0.5,1.0,5.0,0.18746558699048352,0.15085338266439807
5,0.17854127220137964,0.0052144951315928325,0.2793705957239141,0.007301476250530584,0.6501766274388531,0.006814690279202007,0.7263037626069934,0.001166180365055099,4.966066678365071,0.0903955826705303,1.0895532766977947,100,0.05,5,5.0,1.0,1.0,0.0,1.0,3.0,0.10082932352253446,0.07612713516814029
6,0.1778419548868652,0.005413148323617484,0.24864439953745512,0.0018174751149207676,0.6497406013182293,0.0070605338218166416,0.7010338284642431,0.0013002580193125462,6.313582420349121,0.26969500102460026,1.1935027440388997,200,0.03,4,1.0,1.0,0.85,0.1,2.0,2.0,0.07080244465058994,0.05129322714601381
7,0.1776179906037508,0.0007392506057234068,0.3022217774287231,0.004486553152007385,0.6516799042414007,0.0015650377454285377,0.7609540718189919,0.002927570723515024,7.04724399248759,0.33494135587057855,1.148236354192098,200,0.05,5,3.0,0.7,0.7,0.5,10.0,3.0,0.12460378682497228,0.10927416757759123
8,0.17692427013713385,0.003080265825141728,0.2648906971285346,0.002306459872646432,0.653395720969257,0.0025684932400180994,0.7285866899969543,0.0003617124915395142,7.724248170852661,0.3339782279974373,1.3011481761932373,200,0.03,5,10.0,0.7,0.85,0.1,2.0,2.0,0.08796642699140073,0.07519096902769729
9,0.17662788984508793,0.0030713276992188317,0.2664909559383819,0.004203522888352483,0.6506628241632179,0.005893226107480525,0.7273512584666303,0.001976306327742302,7.022998491923015,0.07091082822910544,1.1679007212320964,200,0.03,5,10.0,1.0,0.85,0.5,5.0,5.0,0.08986306609329398,0.07668843430341243
10,0.1761809969555904,0.003848245223227771,0.3037387082446244,0.005462113583515007,0.6508753682867949,0.00521426083071825,0.7642749899848434,0.0017358130917411257,6.400789181391398,0.08754095584532834,1.2725516160329182,200,0.1,4,10.0,1.0,1.0,0.1,1.0,3.0,0.127557711289034,0.11339962169804851
11,0.17583869335827515,0.0009097420248835481,0.3508830361547144,0.010950102293084516,0.6491589228669298,0.0033186503557457382,0.7851977123957726,0.005356013046406597,5.854771534601848,0.020561001651265693,1.193345069885254,100,0.1,6,3.0,0.85,0.85,1.0,5.0,1.0,0.17504434279643924,0.13603878952884285
12,0.17550070878328128,0.0021269490275771545,0.25964015192644047,0.002485283015584576,0.6521985149288442,0.00522426854629566,0.7178285264587211,0.0011150159318078319,4.760978142420451,0.11640671573311086,1.1207900842030842,100,0.05,5,10.0,1.0,0.7,0.0,1.0,2.0,0.08413944314315919,0.06563001152987691
13,0.17541928029552925,0.005061095355492664,0.24044751433271627,0.0015619960869898892,0.6504558234148995,0.003149783322113501,0.713602286344169,0.0013157116905488536,4.349995295206706,0.2225873571475924,1.0322082837422688,100,0.1,4,10.0,0.85,0.7,0.0,5.0,1.5,0.06502823403718702,0.06314646292926951
14,0.1748421284039725,0.0023888996345099553,0.28904467484598134,0.001311003440494344,0.649865542999077,0.0027101055252488626,0.7531230845171709,0.002275801147201598,7.586614688237508,0.19813051963916578,1.2602295875549316,200,0.1,4,10.0,0.85,1.0,0.1,2.0,1.0,0.11420254644200883,0.10325754151809396
15,0.173993251168817,0.004811166187110317,0.28798944124854375,0.0028160805256412895,0.6483444825354607,0.003339082424435528,0.7600163073715395,0.0012295394353442235,7.221442937850952,0.1229318747129185,1.2018059889475505,200,0.2,3,3.0,0.85,0.7,1.0,2.0,3.0,0.11399619007972675,0.11167182483607874
16,0.17387438113693043,0.0024662769181420527,0.26409039722641303,0.0016492605781405322,0.6511309234601238,0.0026148971966560752,0.7334906802430486,0.0016948836077127155,8.599968194961548,0.080234340341814,1.3428677717844646,200,0.03,5,10.0,0.7,0.85,0.5,10.0,5.0,0.0902160160894826,0.08235975678292484
17,0.17089926246869255,0.0022670097393043365,0.24777229566661138,0.0035038724643476063,0.6489371865036597,0.0037894884619840705,0.7159238026191272,0.0015166734624910707,5.312671661376953,0.32629552397936185,1.123163143793742,100,0.03,5,3.0,0.7,0.85,1.0,5.0,10.0,0.07687303319791883,0.06698661611546752
18,0.17010706300253534,0.002145409258872862,0.1986692444171542,0.0008334476767025625,0.647539176973807,0.005884872930158481,0.6730256545733053,0.0029002124601280334,4.151371796925862,0.2764659788478903,1.0751114686330159,100,0.05,3,10.0,1.0,0.7,0.5,2.0,5.0,0.02856218141461886,0.02548647759949829
19,0.168491422203444,0.0008636894345192733,0.3194620341218954,0.004566082718520474,0.643927395327069,0.0036430126139387832,0.7831106586245288,0.0014993992654590482,5.340874433517456,0.1423291174365736,1.1725589434305828,100,0.1,5,3.0,0.7,0.7,0.1,1.0,10.0,0.15097061191845138,0.13918326329745978
20,0.16772875156636155,0.0022772363064415195,0.18964485231175474,0.001659626972206315,0.6441979851304038,0.005339717266775572,0.6657431428331516,0.00235777187475007,4.469181934992473,0.17662634439641553,0.9109832445780436,100,0.03,3,5.0,0.85,0.85,0.0,2.0,10.0,0.021916100745393186,0.021545157702747786
21,0.16640762931254216,0.003263617194156672,0.18689867481665953,0.0022284706425622757,0.6489220791927326,0.005369915022382662,0.6717858578404058,0.0006630307739504728,4.234663804372151,0.13081873650668824,0.9317710399627686,100,0.1,2,1.0,0.7,0.7,0.0,2.0,5.0,0.020491045504117372,0.022863778647673194
22,0.16574790743055876,0.0035893051978233984,0.1849614838366728,0.0012218857307521385,0.6440701541891644,0.004029594487666326,0.6601455220480577,0.002466516010832614,5.182458480199178,0.03806806528621108,1.0652753512064617,100,0.03,3,5.0,0.7,0.7,1.0,5.0,1.0,0.01921357640611404,0.016075367858893297
23,0.161653706350679,0.0008806413783144952,0.5983568266915635,0.0032798851446029674,0.6291540237007345,0.00019423619165783628,0.9100914867754901,0.0020536936847618398,1.9712248643239338,0.3040452441314712,0.36265261967976886,200,0.2,6,10.0,1.0,0.7,0.0,1.0,2.0,0.43670312034088454,0.28093746307475564
24,0.14027794709484667,0.004100526210084166,0.965516490220264,0.002553291802660537,0.6030731980760138,0.003154763607148645,0.9961965411779742,0.0003652128621351138,15.060195048650106,0.5999651169760368,1.8446799119313557,400,0.2,6,3.0,0.7,1.0,1.0,2.0,5.0,0.8252385431254173,0.3931233431019604
